Which file:,TO average delay,IC average delay,TO misses,IC misses,TO truth delay,IC truth delay
GRT01_fast_01.csv,0.0,0.0,0,0,83.65625,67.84375
3813.0,4782.0,5714.0,6638.0,7598.0,8535.0,9453.0,10406.0,11332.0,12292.0,13194.0,14171.0,15064.0,16014.0,16970.0,17915.0,18850.0,19792.0,20757.0,21719.0,22636.0,23619.0,24581.0,25574.0,26501.0,27438.0,28395.0,29352.0,30325.0,31294.0,32268.0
3813.0,4782.0,5714.0,6638.0,7598.0,8535.0,9453.0,10406.0,11332.0,12292.0,13194.0,14171.0,15064.0,16014.0,16970.0,17915.0,18850.0,19792.0,20757.0,21719.0,22636.0,23619.0,24581.0,25574.0,26501.0,27438.0,28395.0,29352.0,30325.0,31294.0,32268.0
3342.0,4359.0,5274.0,6178.0,7116.0,8077.0,9009.0,9938.0,10869.0,11782.0,12723.0,13685.0,14617.0,15529.0,16451.0,17411.0,18351.0,19270.0,20224.0,21194.0,22165.0,23091.0,24063.0,25041.0,25994.0,26912.0,27914.0,28832.0,29829.0,30770.0,31756.0
3342.0,4359.0,5274.0,6178.0,7116.0,8077.0,9009.0,9938.0,10869.0,11782.0,12723.0,13685.0,14617.0,15529.0,16451.0,17411.0,18351.0,19270.0,20224.0,21194.0,22165.0,23091.0,24063.0,25041.0,25994.0,26912.0,27914.0,28832.0,29829.0,30770.0,31756.0

GRT01_med_01.csv,0.0,0.0,0,0,67.47368421052632,48.21052631578947
3598.0,4751.0,5833.0,6939.0,7995.0,9004.0,10047.0,11134.0,12247.0,13297.0,14401.0,15436.0,16501.0,17573.0,18622.0,19701.0,20750.0,21838.0,22888.0,23963.0,25034.0,26091.0,27138.0,28189.0,29226.0,30290.0,31350.0,32426.0,33469.0,34548.0,35617.0,36698.0,37754.0,38825.0,39895.0,40974.0,42114.0
3598.0,4751.0,5833.0,6939.0,7995.0,9004.0,10047.0,11134.0,12247.0,13297.0,14401.0,15436.0,16501.0,17573.0,18622.0,19701.0,20750.0,21838.0,22888.0,23963.0,25034.0,26091.0,27138.0,28189.0,29226.0,30290.0,31350.0,32426.0,33469.0,34548.0,35617.0,36698.0,37754.0,38825.0,39895.0,40974.0,42114.0
3022.0,4159.0,5265.0,6402.0,7484.0,8510.0,9559.0,10592.0,11696.0,12755.0,13819.0,14907.0,15944.0,17022.0,18111.0,19189.0,20223.0,21303.0,22353.0,23409.0,24474.0,25509.0,26565.0,27620.0,28695.0,29764.0,30837.0,31902.0,32949.0,34014.0,35079.0,36170.0,37225.0,38283.0,39360.0,40432.0,41550.0
3022.0,4159.0,5265.0,6402.0,7484.0,8510.0,9559.0,10592.0,11696.0,12755.0,13819.0,14907.0,15944.0,17022.0,18111.0,19189.0,20223.0,21303.0,22353.0,23409.0,24474.0,25509.0,26565.0,27620.0,28695.0,29764.0,30837.0,31902.0,32949.0,34014.0,35079.0,36170.0,37225.0,38283.0,39360.0,40432.0,41550.0

GRT01_slow_01.csv,0.0,0.0,0,0,57.083333333333336,48.6875
4297.0,5641.0,6908.0,8168.0,9361.0,10605.0,11828.0,13108.0,14273.0,15452.0,16684.0,17887.0,19090.0,20267.0,21453.0,22622.0,23807.0,24982.0,26147.0,27328.0,28513.0,29657.0,30846.0,32001.0,33241.0,34389.0,35528.0,36702.0,37874.0,39052.0,40208.0,41380.0,42559.0,43708.0,44846.0,45988.0,47162.0,48315.0,49451.0,50612.0,51757.0,52886.0,54022.0,55167.0,56320.0,57477.0,58627.0
4297.0,5641.0,6908.0,8168.0,9361.0,10605.0,11828.0,13108.0,14273.0,15452.0,16684.0,17887.0,19090.0,20267.0,21453.0,22622.0,23807.0,24982.0,26147.0,27328.0,28513.0,29657.0,30846.0,32001.0,33241.0,34389.0,35528.0,36702.0,37874.0,39052.0,40208.0,41380.0,42559.0,43708.0,44846.0,45988.0,47162.0,48315.0,49451.0,50612.0,51757.0,52886.0,54022.0,55167.0,56320.0,57477.0,58627.0
3655.0,5026.0,6267.0,7516.0,8738.0,9976.0,11213.0,12446.0,13644.0,14843.0,16046.0,17294.0,18504.0,19699.0,20899.0,22069.0,23231.0,24407.0,25589.0,26761.0,27936.0,29106.0,30270.0,31445.0,32617.0,33794.0,34964.0,36151.0,37328.0,38485.0,39643.0,40801.0,41968.0,43158.0,44315.0,45452.0,46603.0,47765.0,48913.0,50062.0,51207.0,52341.0,53493.0,54623.0,55777.0,56910.0,58063.0
3655.0,5026.0,6267.0,7516.0,8738.0,9976.0,11213.0,12446.0,13644.0,14843.0,16046.0,17294.0,18504.0,19699.0,20899.0,22069.0,23231.0,24407.0,25589.0,26761.0,27936.0,29106.0,30270.0,31445.0,32617.0,33794.0,34964.0,36151.0,37328.0,38485.0,39643.0,40801.0,41968.0,43158.0,44315.0,45452.0,46603.0,47765.0,48913.0,50062.0,51207.0,52341.0,53493.0,54623.0,55777.0,56910.0,58063.0

GRT01_vary_01.csv,0.0,0.0,0,0,38.205128205128204,19.358974358974358
2930.0,3938.0,5213.0,6337.0,7464.0,8616.0,9755.0,10828.0,11858.0,12913.0,14034.0,15057.0,16111.0,17162.0,18207.0,19250.0,20295.0,21259.0,22217.0,23173.0,24117.0,25081.0,26044.0,27024.0,27997.0,28952.0,29915.0,30938.0,32051.0,33110.0,34208.0,35323.0,36410.0,37530.0,38713.0,39930.0,41121.0,42352.0
2930.0,3938.0,5213.0,6337.0,7464.0,8616.0,9755.0,10828.0,11858.0,12913.0,14034.0,15057.0,16111.0,17162.0,18207.0,19250.0,20295.0,21259.0,22217.0,23173.0,24117.0,25081.0,26044.0,27024.0,27997.0,28952.0,29915.0,30938.0,32051.0,33110.0,34208.0,35323.0,36410.0,37530.0,38713.0,39930.0,41121.0,42352.0
2160.0,3475.0,4623.0,5773.0,6898.0,8038.0,9191.0,10317.0,11411.0,12433.0,13516.0,14555.0,15578.0,16626.0,17690.0,18731.0,19745.0,20795.0,21728.0,22672.0,23592.0,24563.0,25524.0,26512.0,27492.0,28465.0,29412.0,30374.0,31460.0,32567.0,33655.0,34770.0,35858.0,36972.0,38099.0,39332.0,40564.0,41747.0
2160.0,3475.0,4623.0,5773.0,6898.0,8038.0,9191.0,10317.0,11411.0,12433.0,13516.0,14555.0,15578.0,16626.0,17690.0,18731.0,19745.0,20795.0,21728.0,22672.0,23592.0,24563.0,25524.0,26512.0,27492.0,28465.0,29412.0,30374.0,31460.0,32567.0,33655.0,34770.0,35858.0,36972.0,38099.0,39332.0,40564.0,41747.0

GRT02_fast_01.csv,0.0,0.0,0,0,30.452380952380953,19.285714285714285
2499.0,3594.0,4536.0,5488.0,6453.0,7404.0,8369.0,9331.0,10309.0,11296.0,12269.0,13206.0,14137.0,15070.0,16023.0,16972.0,17948.0,18908.0,19868.0,20843.0,21790.0,22743.0,23712.0,24668.0,25622.0,26582.0,27535.0,28499.0,29432.0,30387.0,31336.0,32303.0,33250.0,34226.0,35212.0,36168.0,37120.0,38099.0,39058.0,39997.0,41103.0
2499.0,3594.0,4536.0,5488.0,6453.0,7404.0,8369.0,9331.0,10309.0,11296.0,12269.0,13206.0,14137.0,15070.0,16023.0,16972.0,17948.0,18908.0,19868.0,20843.0,21790.0,22743.0,23712.0,24668.0,25622.0,26582.0,27535.0,28499.0,29432.0,30387.0,31336.0,32303.0,33250.0,34226.0,35212.0,36168.0,37120.0,38099.0,39058.0,39997.0,41103.0
2019.0,3067.0,4002.0,4978.0,5927.0,6895.0,7832.0,8803.0,9757.0,10745.0,11729.0,12695.0,13647.0,14597.0,15550.0,16515.0,17477.0,18412.0,19357.0,20317.0,21277.0,22240.0,23208.0,24187.0,25125.0,26102.0,27031.0,27972.0,28921.0,29890.0,30845.0,31781.0,32746.0,33715.0,34676.0,35646.0,36619.0,37586.0,38537.0,39492.0,40469.0
2019.0,3067.0,4002.0,4978.0,5927.0,6895.0,7832.0,8803.0,9757.0,10745.0,11729.0,12695.0,13647.0,14597.0,15550.0,16515.0,17477.0,18412.0,19357.0,20317.0,21277.0,22240.0,23208.0,24187.0,25125.0,26102.0,27031.0,27972.0,28921.0,29890.0,30845.0,31781.0,32746.0,33715.0,34676.0,35646.0,36619.0,37586.0,38537.0,39492.0,40469.0

GRT02_med_01.csv,0.0,0.0,0,0,57.608695652173914,39.47826086956522
3693.0,4832.0,5901.0,6945.0,7945.0,9016.0,10055.0,11100.0,12126.0,13169.0,14232.0,15260.0,16304.0,17356.0,18356.0,19424.0,20458.0,21489.0,22504.0,23564.0,24584.0,25653.0,26618.0,27671.0,28712.0,29800.0,30831.0,31899.0,32897.0,33897.0,34942.0,35994.0,37056.0,38079.0,39152.0,40204.0,41287.0,42328.0,43392.0,44426.0,45526.0,46534.0,47625.0,48703.0,49796.0
3693.0,4832.0,5901.0,6945.0,7945.0,9016.0,10055.0,11100.0,12126.0,13169.0,14232.0,15260.0,16304.0,17356.0,18356.0,19424.0,20458.0,21489.0,22504.0,23564.0,24584.0,25653.0,26618.0,27671.0,28712.0,29800.0,30831.0,31899.0,32897.0,33897.0,34942.0,35994.0,37056.0,38079.0,39152.0,40204.0,41287.0,42328.0,43392.0,44426.0,45526.0,46534.0,47625.0,48703.0,49796.0
3095.0,4227.0,5313.0,6373.0,7418.0,8451.0,9505.0,10544.0,11590.0,12585.0,13635.0,14714.0,15753.0,16799.0,17821.0,18835.0,19867.0,20922.0,21963.0,22994.0,24038.0,25079.0,26097.0,27122.0,28184.0,29219.0,30249.0,31281.0,32356.0,33369.0,34378.0,35398.0,36453.0,37506.0,38566.0,39628.0,40680.0,41728.0,42783.0,43846.0,44898.0,45975.0,47029.0,48106.0,49161.0
3095.0,4227.0,5313.0,6373.0,7418.0,8451.0,9505.0,10544.0,11590.0,12585.0,13635.0,14714.0,15753.0,16799.0,17821.0,18835.0,19867.0,20922.0,21963.0,22994.0,24038.0,25079.0,26097.0,27122.0,28184.0,29219.0,30249.0,31281.0,32356.0,33369.0,34378.0,35398.0,36453.0,37506.0,38566.0,39628.0,40680.0,41728.0,42783.0,43846.0,44898.0,45975.0,47029.0,48106.0,49161.0

GRT02_slow_01.csv,0.0,0.0,0,0,49.411764705882355,38.6078431372549
4518.0,5774.0,7098.0,8352.0,9540.0,10765.0,12042.0,13292.0,14535.0,15758.0,16919.0,18152.0,19400.0,20609.0,21805.0,23009.0,24175.0,25404.0,26575.0,27794.0,28976.0,30184.0,31365.0,32537.0,33736.0,34932.0,36114.0,37379.0,38617.0,39846.0,41040.0,42261.0,43461.0,44678.0,45874.0,47042.0,48213.0,49391.0,50583.0,51822.0,53014.0,54235.0,55418.0,56602.0,57793.0,58970.0,60181.0,61401.0,62563.0,63748.0
4518.0,5774.0,7098.0,8352.0,9540.0,10765.0,12042.0,13292.0,14535.0,15758.0,16919.0,18152.0,19400.0,20609.0,21805.0,23009.0,24175.0,25404.0,26575.0,27794.0,28976.0,30184.0,31365.0,32537.0,33736.0,34932.0,36114.0,37379.0,38617.0,39846.0,41040.0,42261.0,43461.0,44678.0,45874.0,47042.0,48213.0,49391.0,50583.0,51822.0,53014.0,54235.0,55418.0,56602.0,57793.0,58970.0,60181.0,61401.0,62563.0,63748.0
3773.0,5080.0,6489.0,7735.0,8983.0,10163.0,11320.0,12564.0,13846.0,15076.0,16329.0,17476.0,18664.0,19897.0,21082.0,22295.0,23478.0,24752.0,25912.0,27159.0,28357.0,29541.0,30707.0,31886.0,33056.0,34250.0,35423.0,36714.0,37962.0,39187.0,40312.0,41525.0,42745.0,43958.0,45191.0,46370.0,47538.0,48710.0,49896.0,51093.0,52314.0,53498.0,54729.0,55938.0,57136.0,58354.0,59537.0,60751.0,61906.0,63075.0
3773.0,5080.0,6489.0,7735.0,8983.0,10163.0,11320.0,12564.0,13846.0,15076.0,16329.0,17476.0,18664.0,19897.0,21082.0,22295.0,23478.0,24752.0,25912.0,27159.0,28357.0,29541.0,30707.0,31886.0,33056.0,34250.0,35423.0,36714.0,37962.0,39187.0,40312.0,41525.0,42745.0,43958.0,45191.0,46370.0,47538.0,48710.0,49896.0,51093.0,52314.0,53498.0,54729.0,55938.0,57136.0,58354.0,59537.0,60751.0,61906.0,63075.0

GRT02_vary_01.csv,0.0,0.0,0,0,45.52173913043478,36.67391304347826
3754.0,5085.0,6258.0,7406.0,8501.0,9621.0,10785.0,11941.0,13097.0,14133.0,15222.0,16233.0,17279.0,18334.0,19423.0,20488.0,21577.0,22653.0,23628.0,24589.0,25548.0,26539.0,27499.0,28515.0,29493.0,30472.0,31444.0,32440.0,33426.0,34424.0,35566.0,36608.0,37704.0,38795.0,39900.0,40978.0,42084.0,43220.0,44366.0,45650.0,47040.0,48295.0,49590.0,50929.0,52211.0
3754.0,5085.0,6258.0,7406.0,8501.0,9621.0,10785.0,11941.0,13097.0,14133.0,15222.0,16233.0,17279.0,18334.0,19423.0,20488.0,21577.0,22653.0,23628.0,24589.0,25548.0,26539.0,27499.0,28515.0,29493.0,30472.0,31444.0,32440.0,33426.0,34424.0,35566.0,36608.0,37704.0,38795.0,39900.0,40978.0,42084.0,43220.0,44366.0,45650.0,47040.0,48295.0,49590.0,50929.0,52211.0
3157.0,4364.0,5575.0,6709.0,7850.0,8953.0,10096.0,11237.0,12423.0,13530.0,14572.0,15615.0,16676.0,17737.0,18808.0,19887.0,20963.0,22023.0,23107.0,24075.0,25045.0,26002.0,26965.0,27964.0,28965.0,29953.0,30937.0,31905.0,32920.0,33897.0,35016.0,36024.0,37082.0,38186.0,39287.0,40388.0,41462.0,42544.0,43661.0,44911.0,46202.0,47538.0,48824.0,50104.0,51413.0
3157.0,4364.0,5575.0,6709.0,7850.0,8953.0,10096.0,11237.0,12423.0,13530.0,14572.0,15615.0,16676.0,17737.0,18808.0,19887.0,20963.0,22023.0,23107.0,24075.0,25045.0,26002.0,26965.0,27964.0,28965.0,29953.0,30937.0,31905.0,32920.0,33897.0,35016.0,36024.0,37082.0,38186.0,39287.0,40388.0,41462.0,42544.0,43661.0,44911.0,46202.0,47538.0,48824.0,50104.0,51413.0

GRT04_fast_31.csv,0.0,0.0,0,0,177.4418604651163,49.93023255813954
5272.0,6292.0,7258.0,8234.0,9165.0,10158.0,11130.0,12115.0,13096.0,14073.0,15039.0,16011.0,16971.0,17976.0,18963.0,19930.0,20914.0,21916.0,22920.0,23894.0,24887.0,25893.0,26867.0,27839.0,28829.0,29804.0,30803.0,31793.0,32807.0,33785.0,34767.0,35740.0,36735.0,37710.0,38672.0,39679.0,40653.0,41618.0,42593.0,43576.0,44579.0
5272.0,6292.0,7258.0,8234.0,9165.0,10158.0,11130.0,12115.0,13096.0,14073.0,15039.0,16011.0,16971.0,17976.0,18963.0,19930.0,20914.0,21916.0,22920.0,23894.0,24887.0,25893.0,26867.0,27839.0,28829.0,29804.0,30803.0,31793.0,32807.0,33785.0,34767.0,35740.0,36735.0,37710.0,38672.0,39679.0,40653.0,41618.0,42593.0,43576.0,44579.0
3831.0,4776.0,5761.0,6727.0,7700.0,8664.0,9610.0,10596.0,11615.0,12626.0,13608.0,14556.0,15482.0,16448.0,17430.0,18442.0,19447.0,20454.0,21419.0,22414.0,23402.0,24401.0,25401.0,26392.0,27340.0,28321.0,29297.0,30272.0,31301.0,32307.0,33314.0,34276.0,35211.0,36198.0,37219.0,38179.0,39179.0,40136.0,41119.0,42063.0,43037.0,44019.0
3831.0,4776.0,5761.0,6727.0,7700.0,8664.0,9610.0,10596.0,11615.0,12626.0,13608.0,14556.0,15482.0,16448.0,17430.0,18442.0,19447.0,20454.0,21419.0,22414.0,23402.0,24401.0,25401.0,26392.0,27340.0,28321.0,29297.0,30272.0,31301.0,32307.0,33314.0,34276.0,35211.0,36198.0,37219.0,38179.0,39179.0,40136.0,41119.0,42063.0,43037.0,44019.0

GRT04_med_31.csv,0.0,0.0,0,0,64.42857142857143,51.87755102040816
4472.0,5696.0,6830.0,7997.0,9147.0,10254.0,11388.0,12499.0,13600.0,14748.0,15886.0,17021.0,18121.0,19235.0,20307.0,21420.0,22529.0,23656.0,24822.0,25920.0,27030.0,28149.0,29290.0,30450.0,31546.0,32670.0,33765.0,34894.0,36007.0,37158.0,38256.0,39361.0,40499.0,41592.0,42717.0,43829.0,44978.0,46132.0,47281.0,48405.0,49521.0,50604.0,51714.0,52855.0,54010.0,55129.0,56253.0,57434.0
4472.0,5696.0,6830.0,7997.0,9147.0,10254.0,11388.0,12499.0,13600.0,14748.0,15886.0,17021.0,18121.0,19235.0,20307.0,21420.0,22529.0,23656.0,24822.0,25920.0,27030.0,28149.0,29290.0,30450.0,31546.0,32670.0,33765.0,34894.0,36007.0,37158.0,38256.0,39361.0,40499.0,41592.0,42717.0,43829.0,44978.0,46132.0,47281.0,48405.0,49521.0,50604.0,51714.0,52855.0,54010.0,55129.0,56253.0,57434.0
3849.0,5131.0,6306.0,7448.0,8585.0,9708.0,10833.0,11943.0,13076.0,14161.0,15341.0,16471.0,17613.0,18684.0,19783.0,20840.0,21957.0,23036.0,24196.0,25384.0,26530.0,27642.0,28758.0,29860.0,31022.0,32138.0,33273.0,34386.0,35449.0,36570.0,37722.0,38859.0,39973.0,41084.0,42193.0,43289.0,44424.0,45584.0,46748.0,47905.0,49013.0,50104.0,51197.0,52314.0,53440.0,54570.0,55703.0,56830.0
3849.0,5131.0,6306.0,7448.0,8585.0,9708.0,10833.0,11943.0,13076.0,14161.0,15341.0,16471.0,17613.0,18684.0,19783.0,20840.0,21957.0,23036.0,24196.0,25384.0,26530.0,27642.0,28758.0,29860.0,31022.0,32138.0,33273.0,34386.0,35449.0,36570.0,37722.0,38859.0,39973.0,41084.0,42193.0,43289.0,44424.0,45584.0,46748.0,47905.0,49013.0,50104.0,51197.0,52314.0,53440.0,54570.0,55703.0,56830.0

GRT04_slow_31.csv,0.0,0.0,0,0,57.14754098360656,53.22950819672131
5467.0,6871.0,8512.0,9927.0,11389.0,12915.0,14505.0,16005.0,17539.0,19161.0,20769.0,22412.0,23800.0,25408.0,26900.0,28366.0,29859.0,31443.0,32857.0,34356.0,35871.0,37445.0,38981.0,40431.0,42054.0,43464.0,44926.0,46397.0,47951.0,49447.0,50964.0,52521.0,54065.0,55509.0,56977.0,58484.0,60003.0,61479.0,62979.0,64590.0,65996.0,67484.0,68867.0,70370.0,72002.0,73456.0,74976.0,76441.0,78010.0,79588.0,81067.0,82630.0,84201.0,85804.0,87313.0,88732.0,90139.0,91722.0,93176.0,94793.0
5467.0,6871.0,8512.0,9927.0,11389.0,12915.0,14505.0,16005.0,17539.0,19161.0,20769.0,22412.0,23800.0,25408.0,26900.0,28366.0,29859.0,31443.0,32857.0,34356.0,35871.0,37445.0,38981.0,40431.0,42054.0,43464.0,44926.0,46397.0,47951.0,49447.0,50964.0,52521.0,54065.0,55509.0,56977.0,58484.0,60003.0,61479.0,62979.0,64590.0,65996.0,67484.0,68867.0,70370.0,72002.0,73456.0,74976.0,76441.0,78010.0,79588.0,81067.0,82630.0,84201.0,85804.0,87313.0,88732.0,90139.0,91722.0,93176.0,94793.0
4624.0,6234.0,7674.0,9170.0,10641.0,12109.0,13683.0,15218.0,16757.0,18347.0,19954.0,21566.0,23163.0,24625.0,26162.0,27653.0,29134.0,30571.0,32067.0,33584.0,35108.0,36637.0,38162.0,39686.0,41177.0,42716.0,44177.0,45644.0,47126.0,48708.0,50206.0,51803.0,53271.0,54809.0,56181.0,57725.0,59215.0,60699.0,62201.0,63748.0,65280.0,66733.0,68175.0,69597.0,71122.0,72738.0,74232.0,75729.0,77180.0,78761.0,80357.0,81851.0,83366.0,84975.0,86549.0,88063.0,89435.0,90855.0,92404.0,93964.0
4624.0,6234.0,7674.0,9170.0,10641.0,12109.0,13683.0,15218.0,16757.0,18347.0,19954.0,21566.0,23163.0,24625.0,26162.0,27653.0,29134.0,30571.0,32067.0,33584.0,35108.0,36637.0,38162.0,39686.0,41177.0,42716.0,44177.0,45644.0,47126.0,48708.0,50206.0,51803.0,53271.0,54809.0,56181.0,57725.0,59215.0,60699.0,62201.0,63748.0,65280.0,66733.0,68175.0,69597.0,71122.0,72738.0,74232.0,75729.0,77180.0,78761.0,80357.0,81851.0,83366.0,84975.0,86549.0,88063.0,89435.0,90855.0,92404.0,93964.0

GRT04_vary_31.csv,0.0,0.0,0,0,1228.58,55.74
6804.0,8166.0,9549.0,10905.0,12271.0,13689.0,15143.0,16489.0,17617.0,18771.0,19990.0,21144.0,22275.0,23385.0,24480.0,25621.0,26808.0,27951.0,28942.0,29933.0,30935.0,31933.0,32917.0,33907.0,34858.0,35851.0,36823.0,37771.0,38737.0,39687.0,40638.0,41715.0,42820.0,43946.0,45074.0,46208.0,47343.0,48485.0,49599.0,50808.0,53951.0,55375.0,56843.0,58300.0,59756.0,61182.0,62787.0
6804.0,8166.0,9549.0,10905.0,12271.0,13689.0,15143.0,16489.0,17617.0,18771.0,19990.0,21144.0,22275.0,23385.0,24480.0,25621.0,26808.0,27951.0,28942.0,29933.0,30935.0,31933.0,32917.0,33907.0,34858.0,35851.0,36823.0,37771.0,38737.0,39687.0,40638.0,41715.0,42820.0,43946.0,45074.0,46208.0,47343.0,48485.0,49599.0,50808.0,53951.0,55375.0,56843.0,58300.0,59756.0,61182.0,62787.0
4668.0,6002.0,7499.0,8900.0,10284.0,11641.0,13016.0,14432.0,15782.0,17099.0,18238.0,19409.0,20554.0,21710.0,22821.0,23940.0,25057.0,26220.0,27370.0,28458.0,29456.0,30450.0,31457.0,32464.0,33423.0,34452.0,35408.0,36356.0,37297.0,38231.0,39179.0,40186.0,41122.0,42246.0,43326.0,44516.0,45683.0,46776.0,47925.0,48978.0,50180.0,52149.0,53712.0,55159.0,56699.0,58211.0,59644.0,61071.0,62579.0
4668.0,6002.0,7499.0,8900.0,10284.0,11641.0,13016.0,14432.0,15782.0,17099.0,18238.0,19409.0,20554.0,21710.0,22821.0,23940.0,25057.0,26220.0,27370.0,28458.0,29456.0,30450.0,31457.0,32464.0,33423.0,34452.0,35408.0,36356.0,37297.0,38231.0,39179.0,40186.0,41122.0,42246.0,43326.0,44516.0,45683.0,46776.0,47925.0,48978.0,50180.0,52149.0,53712.0,55159.0,56699.0,58211.0,59644.0,61071.0,62579.0

GRT05_fast_31.csv,0.0,0.0,0,0,39.90909090909091,21.113636363636363
2936.0,3953.0,4899.0,5876.0,6846.0,7803.0,8752.0,9723.0,10685.0,11646.0,12602.0,13536.0,14521.0,15507.0,16448.0,17384.0,18307.0,19271.0,20216.0,21139.0,22058.0,23005.0,23921.0,24852.0,25752.0,26714.0,27665.0,28611.0,29540.0,30455.0,31404.0,32396.0,33333.0,34256.0,35198.0,36127.0,37042.0,37973.0,38894.0,39830.0,40797.0,41725.0,42669.0
2936.0,3953.0,4899.0,5876.0,6846.0,7803.0,8752.0,9723.0,10685.0,11646.0,12602.0,13536.0,14521.0,15507.0,16448.0,17384.0,18307.0,19271.0,20216.0,21139.0,22058.0,23005.0,23921.0,24852.0,25752.0,26714.0,27665.0,28611.0,29540.0,30455.0,31404.0,32396.0,33333.0,34256.0,35198.0,36127.0,37042.0,37973.0,38894.0,39830.0,40797.0,41725.0,42669.0
2422.0,3409.0,4370.0,5339.0,6332.0,7381.0,8332.0,9248.0,10163.0,11181.0,12149.0,13108.0,14055.0,15026.0,15916.0,16891.0,17831.0,18819.0,19687.0,20618.0,21557.0,22483.0,23408.0,24330.0,25253.0,26191.0,27135.0,28083.0,29018.0,29964.0,30910.0,31875.0,32813.0,33774.0,34760.0,35667.0,36553.0,37522.0,38436.0,39294.0,40244.0,41181.0,42141.0
2422.0,3409.0,4370.0,5339.0,6332.0,7381.0,8332.0,9248.0,10163.0,11181.0,12149.0,13108.0,14055.0,15026.0,15916.0,16891.0,17831.0,18819.0,19687.0,20618.0,21557.0,22483.0,23408.0,24330.0,25253.0,26191.0,27135.0,28083.0,29018.0,29964.0,30910.0,31875.0,32813.0,33774.0,34760.0,35667.0,36553.0,37522.0,38436.0,39294.0,40244.0,41181.0,42141.0

GRT05_med_31.csv,0.0,0.0,0,0,59.361702127659576,40.57446808510638
4098.0,5228.0,6346.0,7457.0,8539.0,9658.0,10732.0,11834.0,12969.0,14098.0,15159.0,16273.0,17376.0,18457.0,19523.0,20575.0,21668.0,22749.0,23833.0,24916.0,26026.0,27027.0,28120.0,29176.0,30255.0,31313.0,32376.0,33427.0,34489.0,35551.0,36613.0,37673.0,38776.0,39870.0,40864.0,41923.0,42998.0,44006.0,45083.0,46126.0,47134.0,48239.0,49272.0,50328.0,51405.0,52537.0
4098.0,5228.0,6346.0,7457.0,8539.0,9658.0,10732.0,11834.0,12969.0,14098.0,15159.0,16273.0,17376.0,18457.0,19523.0,20575.0,21668.0,22749.0,23833.0,24916.0,26026.0,27027.0,28120.0,29176.0,30255.0,31313.0,32376.0,33427.0,34489.0,35551.0,36613.0,37673.0,38776.0,39870.0,40864.0,41923.0,42998.0,44006.0,45083.0,46126.0,47134.0,48239.0,49272.0,50328.0,51405.0,52537.0
3514.0,4611.0,5741.0,6867.0,8049.0,9097.0,10209.0,11330.0,12354.0,13459.0,14555.0,15634.0,16756.0,17864.0,18938.0,20006.0,21048.0,22134.0,23232.0,24386.0,25444.0,26530.0,27513.0,28583.0,29631.0,30703.0,31775.0,32831.0,33906.0,34974.0,36010.0,37069.0,38161.0,39256.0,40300.0,41346.0,42393.0,43449.0,44474.0,45534.0,46589.0,47680.0,48681.0,49730.0,50894.0,51916.0
3514.0,4611.0,5741.0,6867.0,8049.0,9097.0,10209.0,11330.0,12354.0,13459.0,14555.0,15634.0,16756.0,17864.0,18938.0,20006.0,21048.0,22134.0,23232.0,24386.0,25444.0,26530.0,27513.0,28583.0,29631.0,30703.0,31775.0,32831.0,33906.0,34974.0,36010.0,37069.0,38161.0,39256.0,40300.0,41346.0,42393.0,43449.0,44474.0,45534.0,46589.0,47680.0,48681.0,49730.0,50894.0,51916.0

GRT05_slow_31.csv,0.0,0.0,0,0,-1237.7735849056603,-1249.377358490566
4424.0,5664.0,6923.0,8222.0,9542.0,10769.0,11984.0,13314.0,14596.0,15897.0,17136.0,18387.0,19632.0,20916.0,22150.0,23369.0,24621.0,25900.0,27125.0,28380.0,29594.0,30862.0,32187.0,33405.0,34596.0,35830.0,37076.0,38358.0,39643.0,40931.0,42116.0,43410.0,44647.0,45902.0,47135.0,48427.0,49718.0,50881.0,52107.0,53238.0,54498.0,55663.0,56854.0,57999.0,59128.0,60330.0,61463.0,62638.0,63768.0,64915.0,66074.0,67233.0,68385.0
4424.0,5664.0,6923.0,8222.0,9542.0,10769.0,11984.0,13314.0,14596.0,15897.0,17136.0,18387.0,19632.0,20916.0,22150.0,23369.0,24621.0,25900.0,27125.0,28380.0,29594.0,30862.0,32187.0,33405.0,34596.0,35830.0,37076.0,38358.0,39643.0,40931.0,42116.0,43410.0,44647.0,45902.0,47135.0,48427.0,49718.0,50881.0,52107.0,53238.0,54498.0,55663.0,56854.0,57999.0,59128.0,60330.0,61463.0,62638.0,63768.0,64915.0,66074.0,67233.0,68385.0
3706.0,5141.0,6370.0,7616.0,8882.0,10171.0,11415.0,12684.0,13967.0,15242.0,16497.0,17719.0,19002.0,20214.0,21548.0,22701.0,24016.0,25273.0,26497.0,27772.0,28995.0,30233.0,31509.0,32804.0,34041.0,35218.0,36454.0,37689.0,38974.0,40270.0,41604.0,42784.0,44009.0,45135.0,46442.0,47710.0,49042.0,50178.0,51421.0,52664.0,53843.0,55064.0,56245.0,57420.0,58574.0,59631.0,60787.0,61914.0,63064.0,64231.0,65396.0,66586.0,67765.0
3706.0,5141.0,6370.0,7616.0,8882.0,10171.0,11415.0,12684.0,13967.0,15242.0,16497.0,17719.0,19002.0,20214.0,21548.0,22701.0,24016.0,25273.0,26497.0,27772.0,28995.0,30233.0,31509.0,32804.0,34041.0,35218.0,36454.0,37689.0,38974.0,40270.0,41604.0,42784.0,44009.0,45135.0,46442.0,47710.0,49042.0,50178.0,51421.0,52664.0,53843.0,55064.0,56245.0,57420.0,58574.0,59631.0,60787.0,61914.0,63064.0,64231.0,65396.0,66586.0,67765.0

GRT05_vary_31.csv,0.0,0.0,0,0,68.94339622641509,48.20754716981132
5262.0,6691.0,7967.0,9324.0,10535.0,11853.0,13144.0,14417.0,15665.0,16961.0,18038.0,19142.0,20213.0,21241.0,22290.0,23315.0,24336.0,25334.0,26378.0,27399.0,28394.0,29422.0,30434.0,31476.0,32399.0,33324.0,34271.0,35200.0,36108.0,37035.0,37991.0,38924.0,39830.0,40803.0,41737.0,42849.0,44011.0,45131.0,46259.0,47383.0,48456.0,49617.0,50730.0,52049.0,53355.0,54653.0,55915.0,57274.0,58650.0,59939.0,61259.0,62645.0
5262.0,6691.0,7967.0,9324.0,10535.0,11853.0,13144.0,14417.0,15665.0,16961.0,18038.0,19142.0,20213.0,21241.0,22290.0,23315.0,24336.0,25334.0,26378.0,27399.0,28394.0,29422.0,30434.0,31476.0,32399.0,33324.0,34271.0,35200.0,36108.0,37035.0,37991.0,38924.0,39830.0,40803.0,41737.0,42849.0,44011.0,45131.0,46259.0,47383.0,48456.0,49617.0,50730.0,52049.0,53355.0,54653.0,55915.0,57274.0,58650.0,59939.0,61259.0,62645.0
4516.0,6036.0,7336.0,8648.0,9946.0,11139.0,12452.0,13648.0,15040.0,16327.0,17551.0,18615.0,19653.0,20647.0,21704.0,22738.0,23766.0,24808.0,25854.0,26892.0,27841.0,28846.0,29880.0,30946.0,31949.0,32880.0,33821.0,34703.0,35595.0,36518.0,37468.0,38401.0,39326.0,40271.0,41237.0,42388.0,43442.0,44524.0,45612.0,46709.0,47842.0,48945.0,50060.0,51307.0,52585.0,53938.0,55252.0,56481.0,57831.0,59241.0,60504.0,61893.0
4516.0,6036.0,7336.0,8648.0,9946.0,11139.0,12452.0,13648.0,15040.0,16327.0,17551.0,18615.0,19653.0,20647.0,21704.0,22738.0,23766.0,24808.0,25854.0,26892.0,27841.0,28846.0,29880.0,30946.0,31949.0,32880.0,33821.0,34703.0,35595.0,36518.0,37468.0,38401.0,39326.0,40271.0,41237.0,42388.0,43442.0,44524.0,45612.0,46709.0,47842.0,48945.0,50060.0,51307.0,52585.0,53938.0,55252.0,56481.0,57831.0,59241.0,60504.0,61893.0

GRT06_fast_31.csv,0.0,0.0,0,0,54.81578947368421,41.63157894736842
2926.0,3768.0,4533.0,5326.0,6146.0,6956.0,7770.0,8606.0,9393.0,10212.0,11011.0,11817.0,12634.0,13471.0,14288.0,15111.0,15929.0,16757.0,17573.0,18378.0,19209.0,20047.0,20908.0,21764.0,22607.0,23449.0,24302.0,25172.0,25970.0,26804.0,27648.0,28487.0,29311.0,30133.0,30955.0,31798.0,32683.0
2926.0,3768.0,4533.0,5326.0,6146.0,6956.0,7770.0,8606.0,9393.0,10212.0,11011.0,11817.0,12634.0,13471.0,14288.0,15111.0,15929.0,16757.0,17573.0,18378.0,19209.0,20047.0,20908.0,21764.0,22607.0,23449.0,24302.0,25172.0,25970.0,26804.0,27648.0,28487.0,29311.0,30133.0,30955.0,31798.0,32683.0
2546.0,3348.0,4150.0,4950.0,5728.0,6532.0,7337.0,8156.0,8977.0,9793.0,10584.0,11392.0,12198.0,13022.0,13867.0,14701.0,15511.0,16315.0,17132.0,17953.0,18776.0,19614.0,20450.0,21304.0,22151.0,23010.0,23860.0,24714.0,25559.0,26376.0,27207.0,28021.0,28867.0,29691.0,30523.0,31374.0,32226.0
2546.0,3348.0,4150.0,4950.0,5728.0,6532.0,7337.0,8156.0,8977.0,9793.0,10584.0,11392.0,12198.0,13022.0,13867.0,14701.0,15511.0,16315.0,17132.0,17953.0,18776.0,19614.0,20450.0,21304.0,22151.0,23010.0,23860.0,24714.0,25559.0,26376.0,27207.0,28021.0,28867.0,29691.0,30523.0,31374.0,32226.0

GRT06_med_31.csv,0.0,0.0,0,0,44.91489361702128,29.638297872340427
3160.0,4252.0,5239.0,6244.0,7254.0,8280.0,9293.0,10306.0,11347.0,12350.0,13369.0,14405.0,15430.0,16467.0,17493.0,18506.0,19520.0,20545.0,21555.0,22570.0,23570.0,24613.0,25635.0,26661.0,27672.0,28707.0,29726.0,30746.0,31765.0,32796.0,33804.0,34823.0,35842.0,36865.0,37897.0,38923.0,39950.0,40971.0,42011.0,43022.0,44048.0,45067.0,46115.0,47174.0,48215.0,49282.0
3160.0,4252.0,5239.0,6244.0,7254.0,8280.0,9293.0,10306.0,11347.0,12350.0,13369.0,14405.0,15430.0,16467.0,17493.0,18506.0,19520.0,20545.0,21555.0,22570.0,23570.0,24613.0,25635.0,26661.0,27672.0,28707.0,29726.0,30746.0,31765.0,32796.0,33804.0,34823.0,35842.0,36865.0,37897.0,38923.0,39950.0,40971.0,42011.0,43022.0,44048.0,45067.0,46115.0,47174.0,48215.0,49282.0
2664.0,3713.0,4695.0,5691.0,6694.0,7720.0,8723.0,9745.0,10765.0,11806.0,12817.0,13845.0,14862.0,15874.0,16918.0,17946.0,18959.0,19979.0,20994.0,22007.0,23039.0,24053.0,25063.0,26085.0,27113.0,28139.0,29159.0,30169.0,31206.0,32211.0,33246.0,34246.0,35273.0,36304.0,37320.0,38345.0,39369.0,40419.0,41433.0,42434.0,43447.0,44491.0,45531.0,46583.0,47617.0,48675.0
2664.0,3713.0,4695.0,5691.0,6694.0,7720.0,8723.0,9745.0,10765.0,11806.0,12817.0,13845.0,14862.0,15874.0,16918.0,17946.0,18959.0,19979.0,20994.0,22007.0,23039.0,24053.0,25063.0,26085.0,27113.0,28139.0,29159.0,30169.0,31206.0,32211.0,33246.0,34246.0,35273.0,36304.0,37320.0,38345.0,39369.0,40419.0,41433.0,42434.0,43447.0,44491.0,45531.0,46583.0,47617.0,48675.0

GRT06_slow_31.csv,0.0,0.0,0,0,195.90196078431373,182.2156862745098
11221.0,12379.0,13533.0,14672.0,15847.0,16963.0,18061.0,19152.0,20253.0,21353.0,22465.0,23535.0,24630.0,25728.0,26818.0,27929.0,29054.0,30142.0,31256.0,32359.0,33418.0,34488.0,35593.0,36623.0,37719.0,38773.0,39843.0,40912.0,42014.0,43103.0,44201.0,45280.0,46370.0,47479.0,48591.0,49718.0,50834.0,51940.0,53078.0,54192.0,55306.0,56374.0,57492.0,58658.0,59759.0,60884.0,61988.0,63090.0,64235.0,65351.0
11221.0,12379.0,13533.0,14672.0,15847.0,16963.0,18061.0,19152.0,20253.0,21353.0,22465.0,23535.0,24630.0,25728.0,26818.0,27929.0,29054.0,30142.0,31256.0,32359.0,33418.0,34488.0,35593.0,36623.0,37719.0,38773.0,39843.0,40912.0,42014.0,43103.0,44201.0,45280.0,46370.0,47479.0,48591.0,49718.0,50834.0,51940.0,53078.0,54192.0,55306.0,56374.0,57492.0,58658.0,59759.0,60884.0,61988.0,63090.0,64235.0,65351.0
10649.0,11778.0,12885.0,14038.0,15195.0,16337.0,17461.0,18535.0,19629.0,20752.0,21851.0,22926.0,24019.0,25105.0,26218.0,27292.0,28412.0,29528.0,30608.0,31699.0,32827.0,33902.0,34986.0,36052.0,37109.0,38205.0,39272.0,40311.0,41389.0,42483.0,43560.0,44675.0,45748.0,46862.0,47978.0,49091.0,50216.0,51317.0,52438.0,53561.0,54675.0,55783.0,56872.0,58010.0,59158.0,60252.0,61361.0,62469.0,63580.0,64727.0
10649.0,11778.0,12885.0,14038.0,15195.0,16337.0,17461.0,18535.0,19629.0,20752.0,21851.0,22926.0,24019.0,25105.0,26218.0,27292.0,28412.0,29528.0,30608.0,31699.0,32827.0,33902.0,34986.0,36052.0,37109.0,38205.0,39272.0,40311.0,41389.0,42483.0,43560.0,44675.0,45748.0,46862.0,47978.0,49091.0,50216.0,51317.0,52438.0,53561.0,54675.0,55783.0,56872.0,58010.0,59158.0,60252.0,61361.0,62469.0,63580.0,64727.0

GRT06_vary_31.csv,0.0,0.0,0,0,48.70454545454545,32.18181818181818
3374.0,4581.0,5760.0,6866.0,7967.0,9090.0,10247.0,11361.0,12483.0,13606.0,14563.0,15533.0,16564.0,17559.0,18539.0,19512.0,20445.0,21404.0,22385.0,23198.0,23993.0,24758.0,25530.0,26323.0,27129.0,27928.0,28742.0,29554.0,30364.0,31161.0,32123.0,33057.0,34013.0,34950.0,35923.0,36863.0,37858.0,38957.0,40072.0,41171.0,42277.0,43429.0,44584.0
3374.0,4581.0,5760.0,6866.0,7967.0,9090.0,10247.0,11361.0,12483.0,13606.0,14563.0,15533.0,16564.0,17559.0,18539.0,19512.0,20445.0,21404.0,22385.0,23198.0,23993.0,24758.0,25530.0,26323.0,27129.0,27928.0,28742.0,29554.0,30364.0,31161.0,32123.0,33057.0,34013.0,34950.0,35923.0,36863.0,37858.0,38957.0,40072.0,41171.0,42277.0,43429.0,44584.0
2812.0,3978.0,5104.0,6257.0,7358.0,8473.0,9607.0,10738.0,11843.0,12967.0,14035.0,15013.0,16001.0,17006.0,17980.0,18969.0,19937.0,20890.0,21841.0,22750.0,23572.0,24347.0,25129.0,25898.0,26703.0,27510.0,28325.0,29128.0,29936.0,30721.0,31593.0,32521.0,33476.0,34434.0,35402.0,36359.0,37322.0,38346.0,39566.0,40571.0,41683.0,42808.0,43934.0
2812.0,3978.0,5104.0,6257.0,7358.0,8473.0,9607.0,10738.0,11843.0,12967.0,14035.0,15013.0,16001.0,17006.0,17980.0,18969.0,19937.0,20890.0,21841.0,22750.0,23572.0,24347.0,25129.0,25898.0,26703.0,27510.0,28325.0,29128.0,29936.0,30721.0,31593.0,32521.0,33476.0,34434.0,35402.0,36359.0,37322.0,38346.0,39566.0,40571.0,41683.0,42808.0,43934.0

GRT07_fast_01.csv,0.0,0.0,0,0,73.52631578947368,58.8421052631579
3769.0,4750.0,5652.0,6544.0,7433.0,8345.0,9242.0,10148.0,11051.0,11962.0,12839.0,13766.0,14670.0,15595.0,16498.0,17409.0,18330.0,19243.0,20153.0,21094.0,22054.0,23010.0,23951.0,24887.0,25834.0,26790.0,27704.0,28629.0,29552.0,30512.0,31464.0,32430.0,33367.0,34326.0,35303.0,36269.0,37262.0
3769.0,4750.0,5652.0,6544.0,7433.0,8345.0,9242.0,10148.0,11051.0,11962.0,12839.0,13766.0,14670.0,15595.0,16498.0,17409.0,18330.0,19243.0,20153.0,21094.0,22054.0,23010.0,23951.0,24887.0,25834.0,26790.0,27704.0,28629.0,29552.0,30512.0,31464.0,32430.0,33367.0,34326.0,35303.0,36269.0,37262.0
3320.0,4239.0,5144.0,6051.0,6953.0,7857.0,8761.0,9644.0,10567.0,11476.0,12373.0,13270.0,14176.0,15080.0,16011.0,16915.0,17840.0,18748.0,19668.0,20600.0,21534.0,22479.0,23426.0,24383.0,25317.0,26249.0,27193.0,28120.0,29051.0,29980.0,30922.0,31880.0,32848.0,33785.0,34750.0,35724.0,36705.0
3320.0,4239.0,5144.0,6051.0,6953.0,7857.0,8761.0,9644.0,10567.0,11476.0,12373.0,13270.0,14176.0,15080.0,16011.0,16915.0,17840.0,18748.0,19668.0,20600.0,21534.0,22479.0,23426.0,24383.0,25317.0,26249.0,27193.0,28120.0,29051.0,29980.0,30922.0,31880.0,32848.0,33785.0,34750.0,35724.0,36705.0

GRT07_med_01.csv,0.0,0.0,0,0,75.29166666666667,58.0625
4973.0,6213.0,7374.0,8637.0,9815.0,11034.0,12228.0,13442.0,14661.0,15816.0,17001.0,18266.0,19436.0,20632.0,21837.0,23036.0,24225.0,25452.0,26671.0,27846.0,28999.0,30240.0,31431.0,32638.0,33863.0,35074.0,36254.0,37480.0,38733.0,39900.0,41095.0,42327.0,43526.0,44757.0,45923.0,47105.0,48278.0,49476.0,50643.0,51836.0,53029.0,54229.0,55490.0,56664.0,57901.0,59142.0,60368.0
4973.0,6213.0,7374.0,8637.0,9815.0,11034.0,12228.0,13442.0,14661.0,15816.0,17001.0,18266.0,19436.0,20632.0,21837.0,23036.0,24225.0,25452.0,26671.0,27846.0,28999.0,30240.0,31431.0,32638.0,33863.0,35074.0,36254.0,37480.0,38733.0,39900.0,41095.0,42327.0,43526.0,44757.0,45923.0,47105.0,48278.0,49476.0,50643.0,51836.0,53029.0,54229.0,55490.0,56664.0,57901.0,59142.0,60368.0
4274.0,5546.0,6716.0,7899.0,9117.0,10307.0,11522.0,12738.0,13951.0,15142.0,16328.0,17510.0,18736.0,19938.0,21141.0,22342.0,23602.0,24814.0,25992.0,27158.0,28381.0,29550.0,30764.0,31934.0,33184.0,34430.0,35642.0,36799.0,38000.0,39243.0,40424.0,41608.0,42854.0,44054.0,45284.0,46409.0,47591.0,48767.0,49963.0,51151.0,52337.0,53574.0,54797.0,56040.0,57206.0,58405.0,59642.0
4274.0,5546.0,6716.0,7899.0,9117.0,10307.0,11522.0,12738.0,13951.0,15142.0,16328.0,17510.0,18736.0,19938.0,21141.0,22342.0,23602.0,24814.0,25992.0,27158.0,28381.0,29550.0,30764.0,31934.0,33184.0,34430.0,35642.0,36799.0,38000.0,39243.0,40424.0,41608.0,42854.0,44054.0,45284.0,46409.0,47591.0,48767.0,49963.0,51151.0,52337.0,53574.0,54797.0,56040.0,57206.0,58405.0,59642.0

GRT07_slow_01.csv,0.0,0.0,0,0,65.59615384615384,50.90384615384615
4970.0,6342.0,7787.0,9094.0,10370.0,11671.0,13073.0,14444.0,15827.0,17109.0,18386.0,19731.0,21029.0,22328.0,23680.0,25025.0,26328.0,27585.0,28946.0,30314.0,31567.0,32886.0,34215.0,35529.0,36902.0,38201.0,39561.0,40860.0,42226.0,43561.0,44893.0,46213.0,47627.0,48998.0,50337.0,51774.0,53143.0,54457.0,55808.0,57139.0,58546.0,59838.0,61272.0,62680.0,63980.0,65334.0,66723.0,68079.0,69485.0,70933.0,72402.0
4970.0,6342.0,7787.0,9094.0,10370.0,11671.0,13073.0,14444.0,15827.0,17109.0,18386.0,19731.0,21029.0,22328.0,23680.0,25025.0,26328.0,27585.0,28946.0,30314.0,31567.0,32886.0,34215.0,35529.0,36902.0,38201.0,39561.0,40860.0,42226.0,43561.0,44893.0,46213.0,47627.0,48998.0,50337.0,51774.0,53143.0,54457.0,55808.0,57139.0,58546.0,59838.0,61272.0,62680.0,63980.0,65334.0,66723.0,68079.0,69485.0,70933.0,72402.0
4210.0,5576.0,6918.0,8370.0,9676.0,10994.0,12262.0,13611.0,15027.0,16430.0,17704.0,18990.0,20305.0,21626.0,22913.0,24228.0,25567.0,26834.0,28134.0,29539.0,30873.0,32215.0,33485.0,34833.0,36175.0,37502.0,38799.0,40097.0,41414.0,42791.0,44142.0,45487.0,46855.0,48278.0,49656.0,51019.0,52450.0,53779.0,55075.0,56406.0,57793.0,59121.0,60489.0,61908.0,63247.0,64544.0,65914.0,67307.0,68700.0,70116.0,71585.0
4210.0,5576.0,6918.0,8370.0,9676.0,10994.0,12262.0,13611.0,15027.0,16430.0,17704.0,18990.0,20305.0,21626.0,22913.0,24228.0,25567.0,26834.0,28134.0,29539.0,30873.0,32215.0,33485.0,34833.0,36175.0,37502.0,38799.0,40097.0,41414.0,42791.0,44142.0,45487.0,46855.0,48278.0,49656.0,51019.0,52450.0,53779.0,55075.0,56406.0,57793.0,59121.0,60489.0,61908.0,63247.0,64544.0,65914.0,67307.0,68700.0,70116.0,71585.0

GRT07_vary_01.csv,0.0,0.0,0,0,77.95555555555555,60.8
4990.0,6377.0,7700.0,8966.0,10284.0,11619.0,12907.0,14060.0,15200.0,16362.0,17474.0,18566.0,19682.0,20780.0,21874.0,22955.0,24034.0,25054.0,26006.0,26958.0,27892.0,28835.0,29779.0,30707.0,31633.0,32596.0,33538.0,34496.0,35431.0,36487.0,37651.0,38743.0,39867.0,41020.0,42178.0,43433.0,44703.0,46034.0,47325.0,48644.0,49986.0,51363.0,52729.0,54090.0
4990.0,6377.0,7700.0,8966.0,10284.0,11619.0,12907.0,14060.0,15200.0,16362.0,17474.0,18566.0,19682.0,20780.0,21874.0,22955.0,24034.0,25054.0,26006.0,26958.0,27892.0,28835.0,29779.0,30707.0,31633.0,32596.0,33538.0,34496.0,35431.0,36487.0,37651.0,38743.0,39867.0,41020.0,42178.0,43433.0,44703.0,46034.0,47325.0,48644.0,49986.0,51363.0,52729.0,54090.0
4257.0,5625.0,6904.0,8251.0,9586.0,10865.0,12178.0,13455.0,14623.0,15719.0,16812.0,17925.0,19032.0,20139.0,21258.0,22349.0,23436.0,24488.0,25501.0,26439.0,27380.0,28305.0,29250.0,30188.0,31123.0,32080.0,33036.0,33993.0,34928.0,35894.0,37084.0,38101.0,39207.0,40355.0,41539.0,42755.0,44053.0,45326.0,46633.0,47969.0,49288.0,50553.0,51938.0,53329.0
4257.0,5625.0,6904.0,8251.0,9586.0,10865.0,12178.0,13455.0,14623.0,15719.0,16812.0,17925.0,19032.0,20139.0,21258.0,22349.0,23436.0,24488.0,25501.0,26439.0,27380.0,28305.0,29250.0,30188.0,31123.0,32080.0,33036.0,33993.0,34928.0,35894.0,37084.0,38101.0,39207.0,40355.0,41539.0,42755.0,44053.0,45326.0,46633.0,47969.0,49288.0,50553.0,51938.0,53329.0

GRT08_fast_02.csv,0.0,0.0,0,0,66.52777777777777,56.166666666666664
3397.0,4365.0,5308.0,6243.0,7160.0,8113.0,9026.0,9956.0,10883.0,11806.0,12743.0,13664.0,14564.0,15486.0,16390.0,17291.0,18204.0,19108.0,20041.0,20950.0,21879.0,22794.0,23713.0,24633.0,25531.0,26437.0,27358.0,28280.0,29214.0,30129.0,31055.0,32007.0,32946.0,33884.0,34809.0
3397.0,4365.0,5308.0,6243.0,7160.0,8113.0,9026.0,9956.0,10883.0,11806.0,12743.0,13664.0,14564.0,15486.0,16390.0,17291.0,18204.0,19108.0,20041.0,20950.0,21879.0,22794.0,23713.0,24633.0,25531.0,26437.0,27358.0,28280.0,29214.0,30129.0,31055.0,32007.0,32946.0,33884.0,34809.0
2883.0,3852.0,4790.0,5748.0,6688.0,7617.0,8538.0,9484.0,10403.0,11333.0,12268.0,13222.0,14113.0,15027.0,15910.0,16816.0,17716.0,18637.0,19547.0,20443.0,21383.0,22320.0,23226.0,24118.0,25028.0,25956.0,26863.0,27784.0,28720.0,29648.0,30576.0,31465.0,32448.0,33403.0,34374.0
2883.0,3852.0,4790.0,5748.0,6688.0,7617.0,8538.0,9484.0,10403.0,11333.0,12268.0,13222.0,14113.0,15027.0,15910.0,16816.0,17716.0,18637.0,19547.0,20443.0,21383.0,22320.0,23226.0,24118.0,25028.0,25956.0,26863.0,27784.0,28720.0,29648.0,30576.0,31465.0,32448.0,33403.0,34374.0

GRT08_med_01.csv,0.0,0.0,0,0,78.775,64.75
4328.0,5429.0,6512.0,7471.0,8483.0,9520.0,10520.0,11533.0,12531.0,13575.0,14595.0,15627.0,16626.0,17657.0,18692.0,19698.0,20714.0,21737.0,22765.0,23817.0,24856.0,25866.0,26891.0,27945.0,28996.0,30004.0,31034.0,32120.0,33139.0,34191.0,35224.0,36261.0,37308.0,38322.0,39361.0,40443.0,41466.0,42537.0,43587.0
4328.0,5429.0,6512.0,7471.0,8483.0,9520.0,10520.0,11533.0,12531.0,13575.0,14595.0,15627.0,16626.0,17657.0,18692.0,19698.0,20714.0,21737.0,22765.0,23817.0,24856.0,25866.0,26891.0,27945.0,28996.0,30004.0,31034.0,32120.0,33139.0,34191.0,35224.0,36261.0,37308.0,38322.0,39361.0,40443.0,41466.0,42537.0,43587.0
3769.0,4909.0,5916.0,6928.0,7942.0,8963.0,9974.0,10936.0,11950.0,12978.0,14006.0,15029.0,16083.0,17082.0,18115.0,19115.0,20140.0,21159.0,22204.0,23256.0,24307.0,25345.0,26348.0,27335.0,28436.0,29469.0,30499.0,31531.0,32608.0,33675.0,34678.0,35710.0,36749.0,37819.0,38874.0,39908.0,40971.0,42009.0,43076.0
3769.0,4909.0,5916.0,6928.0,7942.0,8963.0,9974.0,10936.0,11950.0,12978.0,14006.0,15029.0,16083.0,17082.0,18115.0,19115.0,20140.0,21159.0,22204.0,23256.0,24307.0,25345.0,26348.0,27335.0,28436.0,29469.0,30499.0,31531.0,32608.0,33675.0,34678.0,35710.0,36749.0,37819.0,38874.0,39908.0,40971.0,42009.0,43076.0

GRT08_slow_01.csv,0.0,0.0,0,0,57.1875,40.645833333333336
4068.0,5330.0,6497.0,7657.0,8784.0,9917.0,11012.0,12054.0,13142.0,14206.0,15240.0,16357.0,17468.0,18553.0,19642.0,20755.0,21854.0,22958.0,24054.0,25134.0,26222.0,27357.0,28419.0,29493.0,30574.0,31647.0,32761.0,33848.0,34941.0,36013.0,37076.0,38167.0,39247.0,40340.0,41417.0,42526.0,43620.0,44703.0,45766.0,46846.0,47905.0,48997.0,50124.0,51217.0,52310.0,53406.0,54528.0
4068.0,5330.0,6497.0,7657.0,8784.0,9917.0,11012.0,12054.0,13142.0,14206.0,15240.0,16357.0,17468.0,18553.0,19642.0,20755.0,21854.0,22958.0,24054.0,25134.0,26222.0,27357.0,28419.0,29493.0,30574.0,31647.0,32761.0,33848.0,34941.0,36013.0,37076.0,38167.0,39247.0,40340.0,41417.0,42526.0,43620.0,44703.0,45766.0,46846.0,47905.0,48997.0,50124.0,51217.0,52310.0,53406.0,54528.0
3412.0,4803.0,5877.0,7011.0,8163.0,9343.0,10476.0,11510.0,12536.0,13600.0,14655.0,15697.0,16885.0,17980.0,19089.0,20166.0,21312.0,22407.0,23526.0,24622.0,25702.0,26821.0,27900.0,28996.0,30068.0,31104.0,32154.0,33259.0,34345.0,35432.0,36517.0,37611.0,38664.0,39702.0,40781.0,41889.0,43045.0,44147.0,45264.0,46322.0,47395.0,48455.0,49564.0,50673.0,51791.0,52867.0,53943.0
3412.0,4803.0,5877.0,7011.0,8163.0,9343.0,10476.0,11510.0,12536.0,13600.0,14655.0,15697.0,16885.0,17980.0,19089.0,20166.0,21312.0,22407.0,23526.0,24622.0,25702.0,26821.0,27900.0,28996.0,30068.0,31104.0,32154.0,33259.0,34345.0,35432.0,36517.0,37611.0,38664.0,39702.0,40781.0,41889.0,43045.0,44147.0,45264.0,46322.0,47395.0,48455.0,49564.0,50673.0,51791.0,52867.0,53943.0

GRT08_vary_01.csv,0.0,0.0,0,0,-1008.025,-1004.275
5917.0,7191.0,8230.0,9311.0,10389.0,11463.0,12509.0,13518.0,14524.0,15517.0,16498.0,17460.0,18435.0,19403.0,20387.0,21314.0,22190.0,23116.0,23971.0,24850.0,25705.0,26577.0,27471.0,28382.0,29338.0,30307.0,31281.0,32256.0,33269.0,34259.0,35269.0,36270.0,37273.0,38308.0,39396.0,40435.0,41510.0,42571.0,43621.0,44687.0
5917.0,7191.0,8230.0,9311.0,10389.0,11463.0,12509.0,13518.0,14524.0,15517.0,16498.0,17460.0,18435.0,19403.0,20387.0,21314.0,22190.0,23116.0,23971.0,24850.0,25705.0,26577.0,27471.0,28382.0,29338.0,30307.0,31281.0,32256.0,33269.0,34259.0,35269.0,36270.0,37273.0,38308.0,39396.0,40435.0,41510.0,42571.0,43621.0,44687.0
5326.0,6568.0,7680.0,8752.0,9792.0,10844.0,11928.0,12942.0,13935.0,14934.0,15920.0,16886.0,17869.0,18869.0,19871.0,20898.0,21745.0,22653.0,23500.0,24411.0,25228.0,26115.0,26969.0,27880.0,28790.0,29773.0,30731.0,31715.0,32673.0,33670.0,34672.0,35695.0,36688.0,37748.0,38827.0,39920.0,40914.0,41963.0,43022.0,44080.0
5326.0,6568.0,7680.0,8752.0,9792.0,10844.0,11928.0,12942.0,13935.0,14934.0,15920.0,16886.0,17869.0,18869.0,19871.0,20898.0,21745.0,22653.0,23500.0,24411.0,25228.0,26115.0,26969.0,27880.0,28790.0,29773.0,30731.0,31715.0,32673.0,33670.0,34672.0,35695.0,36688.0,37748.0,38827.0,39920.0,40914.0,41963.0,43022.0,44080.0

GRT09_fast_01.csv,0.0,0.0,0,0,87.19444444444444,70.05555555555556
4325.0,5329.0,6352.0,7340.0,8383.0,9357.0,10340.0,11316.0,12301.0,13286.0,14268.0,15252.0,16248.0,17236.0,18245.0,19241.0,20248.0,21258.0,22258.0,23277.0,24310.0,25337.0,26375.0,27408.0,28419.0,29449.0,30431.0,31430.0,32428.0,33443.0,34454.0,35465.0,36487.0,37511.0,38488.0
4325.0,5329.0,6352.0,7340.0,8383.0,9357.0,10340.0,11316.0,12301.0,13286.0,14268.0,15252.0,16248.0,17236.0,18245.0,19241.0,20248.0,21258.0,22258.0,23277.0,24310.0,25337.0,26375.0,27408.0,28419.0,29449.0,30431.0,31430.0,32428.0,33443.0,34454.0,35465.0,36487.0,37511.0,38488.0
3724.0,4842.0,5824.0,6815.0,7821.0,8825.0,9831.0,10802.0,11780.0,12784.0,13790.0,14766.0,15733.0,16727.0,17705.0,18718.0,19715.0,20727.0,21732.0,22730.0,23764.0,24782.0,25833.0,26853.0,27903.0,28915.0,29899.0,30889.0,31894.0,32901.0,33908.0,34910.0,35921.0,36970.0,37992.0
3724.0,4842.0,5824.0,6815.0,7821.0,8825.0,9831.0,10802.0,11780.0,12784.0,13790.0,14766.0,15733.0,16727.0,17705.0,18718.0,19715.0,20727.0,21732.0,22730.0,23764.0,24782.0,25833.0,26853.0,27903.0,28915.0,29899.0,30889.0,31894.0,32901.0,33908.0,34910.0,35921.0,36970.0,37992.0

GRT09_med_01.csv,0.0,0.0,0,0,67.45,52.525
4147.0,5287.0,6437.0,7492.0,8613.0,9743.0,10867.0,11976.0,13055.0,14187.0,15276.0,16388.0,17502.0,18600.0,19696.0,20805.0,21904.0,23026.0,24118.0,25245.0,26414.0,27523.0,28647.0,29807.0,30937.0,32014.0,33134.0,34171.0,35261.0,36405.0,37501.0,38610.0,39747.0,40853.0,41959.0,43072.0,44146.0,45283.0,46410.0
4147.0,5287.0,6437.0,7492.0,8613.0,9743.0,10867.0,11976.0,13055.0,14187.0,15276.0,16388.0,17502.0,18600.0,19696.0,20805.0,21904.0,23026.0,24118.0,25245.0,26414.0,27523.0,28647.0,29807.0,30937.0,32014.0,33134.0,34171.0,35261.0,36405.0,37501.0,38610.0,39747.0,40853.0,41959.0,43072.0,44146.0,45283.0,46410.0
3436.0,4625.0,5749.0,6865.0,7996.0,9087.0,10219.0,11312.0,12462.0,13581.0,14700.0,15787.0,16899.0,17992.0,19111.0,20196.0,21309.0,22409.0,23538.0,24622.0,25727.0,26889.0,28035.0,29158.0,30318.0,31444.0,32510.0,33601.0,34711.0,35818.0,36916.0,37991.0,39138.0,40218.0,41350.0,42478.0,43568.0,44681.0,45794.0
3436.0,4625.0,5749.0,6865.0,7996.0,9087.0,10219.0,11312.0,12462.0,13581.0,14700.0,15787.0,16899.0,17992.0,19111.0,20196.0,21309.0,22409.0,23538.0,24622.0,25727.0,26889.0,28035.0,29158.0,30318.0,31444.0,32510.0,33601.0,34711.0,35818.0,36916.0,37991.0,39138.0,40218.0,41350.0,42478.0,43568.0,44681.0,45794.0

GRT09_slow_01.csv,0.0,0.0,0,0,-1360.16,-1350.94
5726.0,7467.0,9041.0,10556.0,11970.0,13405.0,14785.0,16187.0,17508.0,19014.0,20397.0,21788.0,23067.0,24465.0,25742.0,27028.0,28342.0,29611.0,31063.0,32394.0,33693.0,34993.0,36312.0,37628.0,38899.0,40136.0,41450.0,42763.0,44068.0,45363.0,46704.0,47946.0,49223.0,50547.0,51860.0,53154.0,54348.0,55706.0,56905.0,58149.0,59434.0,60600.0,61916.0,63207.0,64504.0,65786.0,67073.0,68333.0,69653.0,71009.0
5726.0,7467.0,9041.0,10556.0,11970.0,13405.0,14785.0,16187.0,17508.0,19014.0,20397.0,21788.0,23067.0,24465.0,25742.0,27028.0,28342.0,29611.0,31063.0,32394.0,33693.0,34993.0,36312.0,37628.0,38899.0,40136.0,41450.0,42763.0,44068.0,45363.0,46704.0,47946.0,49223.0,50547.0,51860.0,53154.0,54348.0,55706.0,56905.0,58149.0,59434.0,60600.0,61916.0,63207.0,64504.0,65786.0,67073.0,68333.0,69653.0,71009.0
4825.0,6529.0,8056.0,9585.0,11076.0,12513.0,13941.0,15358.0,16768.0,18200.0,19626.0,21002.0,22345.0,23659.0,24937.0,26294.0,27608.0,28946.0,30298.0,31614.0,32889.0,34266.0,35559.0,36879.0,38132.0,39436.0,40715.0,42071.0,43314.0,44592.0,45913.0,47191.0,48498.0,49757.0,51122.0,52417.0,53706.0,54927.0,56166.0,57418.0,58710.0,59992.0,61187.0,62498.0,63774.0,65070.0,66365.0,67625.0,68875.0,70190.0
4825.0,6529.0,8056.0,9585.0,11076.0,12513.0,13941.0,15358.0,16768.0,18200.0,19626.0,21002.0,22345.0,23659.0,24937.0,26294.0,27608.0,28946.0,30298.0,31614.0,32889.0,34266.0,35559.0,36879.0,38132.0,39436.0,40715.0,42071.0,43314.0,44592.0,45913.0,47191.0,48498.0,49757.0,51122.0,52417.0,53706.0,54927.0,56166.0,57418.0,58710.0,59992.0,61187.0,62498.0,63774.0,65070.0,66365.0,67625.0,68875.0,70190.0

GRT09_vary_01.csv,0.0,0.0,0,0,76.875,71.0
5181.0,6428.0,7708.0,9060.0,9970.0,11138.0,12140.0,13151.0,14243.0,15317.0,16385.0,17456.0,18511.0,19564.0,20622.0,21688.0,22692.0,23620.0,24502.0,25424.0,26390.0,27359.0,28327.0,29319.0,30288.0,31280.0,32346.0,33419.0,34493.0,35575.0,36671.0,37779.0,38878.0,40030.0,41282.0,42502.0,43699.0,44927.0,46170.0
5181.0,6428.0,7708.0,9060.0,9970.0,11138.0,12140.0,13151.0,14243.0,15317.0,16385.0,17456.0,18511.0,19564.0,20622.0,21688.0,22692.0,23620.0,24502.0,25424.0,26390.0,27359.0,28327.0,29319.0,30288.0,31280.0,32346.0,33419.0,34493.0,35575.0,36671.0,37779.0,38878.0,40030.0,41282.0,42502.0,43699.0,44927.0,46170.0
4362.0,5702.0,7016.0,8296.0,9446.0,10466.0,11502.0,12581.0,13657.0,14724.0,15773.0,16845.0,17928.0,18976.0,20013.0,21086.0,22114.0,23072.0,23985.0,24951.0,25905.0,26872.0,27801.0,28784.0,29753.0,30755.0,31760.0,32843.0,33922.0,34996.0,36071.0,37174.0,38253.0,39397.0,40549.0,41800.0,43020.0,44233.0,45464.0
4362.0,5702.0,7016.0,8296.0,9446.0,10466.0,11502.0,12581.0,13657.0,14724.0,15773.0,16845.0,17928.0,18976.0,20013.0,21086.0,22114.0,23072.0,23985.0,24951.0,25905.0,26872.0,27801.0,28784.0,29753.0,30755.0,31760.0,32843.0,33922.0,34996.0,36071.0,37174.0,38253.0,39397.0,40549.0,41800.0,43020.0,44233.0,45464.0

GRT10_fast_02.csv,0.0,0.0,0,0,46.8780487804878,38.58536585365854
3024.0,4019.0,4964.0,5943.0,6900.0,7865.0,8825.0,9764.0,10711.0,11682.0,12641.0,13634.0,14605.0,15562.0,16535.0,17510.0,18491.0,19428.0,20409.0,21377.0,22330.0,23250.0,24191.0,25165.0,26116.0,27077.0,28029.0,28982.0,29919.0,30890.0,31821.0,32787.0,33733.0,34680.0,35615.0,36582.0,37564.0,38537.0,39493.0,40535.0
3024.0,4019.0,4964.0,5943.0,6900.0,7865.0,8825.0,9764.0,10711.0,11682.0,12641.0,13634.0,14605.0,15562.0,16535.0,17510.0,18491.0,19428.0,20409.0,21377.0,22330.0,23250.0,24191.0,25165.0,26116.0,27077.0,28029.0,28982.0,29919.0,30890.0,31821.0,32787.0,33733.0,34680.0,35615.0,36582.0,37564.0,38537.0,39493.0,40535.0
2506.0,3504.0,4490.0,5451.0,6407.0,7379.0,8348.0,9323.0,10272.0,11214.0,12197.0,13157.0,14131.0,15110.0,16063.0,17037.0,18024.0,18977.0,19939.0,20900.0,21829.0,22789.0,23731.0,24711.0,25629.0,26590.0,27559.0,28528.0,29434.0,30385.0,31340.0,32333.0,33269.0,34216.0,35162.0,36105.0,37080.0,38045.0,39031.0,40026.0
2506.0,3504.0,4490.0,5451.0,6407.0,7379.0,8348.0,9323.0,10272.0,11214.0,12197.0,13157.0,14131.0,15110.0,16063.0,17037.0,18024.0,18977.0,19939.0,20900.0,21829.0,22789.0,23731.0,24711.0,25629.0,26590.0,27559.0,28528.0,29434.0,30385.0,31340.0,32333.0,33269.0,34216.0,35162.0,36105.0,37080.0,38045.0,39031.0,40026.0

GRT10_med_01.csv,0.0,0.0,0,0,57.608695652173914,56.95652173913044
4345.0,5545.0,6639.0,7777.0,8883.0,9991.0,11082.0,12204.0,13309.0,14386.0,15471.0,16539.0,17631.0,18712.0,19818.0,20917.0,22021.0,23101.0,24228.0,25323.0,26450.0,27537.0,28631.0,29713.0,30803.0,31891.0,32981.0,34083.0,35198.0,36294.0,37393.0,38496.0,39585.0,40671.0,41757.0,42840.0,43930.0,45000.0,46080.0,47176.0,48264.0,49351.0,50457.0,51581.0,52728.0
4345.0,5545.0,6639.0,7777.0,8883.0,9991.0,11082.0,12204.0,13309.0,14386.0,15471.0,16539.0,17631.0,18712.0,19818.0,20917.0,22021.0,23101.0,24228.0,25323.0,26450.0,27537.0,28631.0,29713.0,30803.0,31891.0,32981.0,34083.0,35198.0,36294.0,37393.0,38496.0,39585.0,40671.0,41757.0,42840.0,43930.0,45000.0,46080.0,47176.0,48264.0,49351.0,50457.0,51581.0,52728.0
3736.0,4880.0,5980.0,7104.0,8257.0,9387.0,10502.0,11601.0,12699.0,13781.0,14874.0,15978.0,17060.0,18152.0,19239.0,20355.0,21423.0,22500.0,23633.0,24702.0,25845.0,26938.0,28066.0,29157.0,30225.0,31329.0,32418.0,33509.0,34610.0,35725.0,36830.0,37929.0,39025.0,40106.0,41199.0,42292.0,43363.0,44427.0,45500.0,46587.0,47697.0,48795.0,49879.0,50968.0,52108.0
3736.0,4880.0,5980.0,7104.0,8257.0,9387.0,10502.0,11601.0,12699.0,13781.0,14874.0,15978.0,17060.0,18152.0,19239.0,20355.0,21423.0,22500.0,23633.0,24702.0,25845.0,26938.0,28066.0,29157.0,30225.0,31329.0,32418.0,33509.0,34610.0,35725.0,36830.0,37929.0,39025.0,40106.0,41199.0,42292.0,43363.0,44427.0,45500.0,46587.0,47697.0,48795.0,49879.0,50968.0,52108.0

GRT10_slow_01.csv,0.0,0.0,0,0,49.074074074074076,31.88888888888889
4284.0,5538.0,6944.0,8218.0,9563.0,10810.0,12168.0,13461.0,14743.0,16049.0,17419.0,18711.0,19954.0,21353.0,22686.0,24081.0,25411.0,26814.0,28213.0,29579.0,30911.0,32215.0,33575.0,34825.0,36114.0,37423.0,38683.0,39992.0,41317.0,42611.0,43914.0,45184.0,46469.0,47802.0,49087.0,50391.0,51707.0,52978.0,54248.0,55550.0,56916.0,58245.0,59585.0,60878.0,62265.0,63561.0,64901.0,66148.0,67409.0,68750.0,70076.0,71372.0,72759.0
4284.0,5538.0,6944.0,8218.0,9563.0,10810.0,12168.0,13461.0,14743.0,16049.0,17419.0,18711.0,19954.0,21353.0,22686.0,24081.0,25411.0,26814.0,28213.0,29579.0,30911.0,32215.0,33575.0,34825.0,36114.0,37423.0,38683.0,39992.0,41317.0,42611.0,43914.0,45184.0,46469.0,47802.0,49087.0,50391.0,51707.0,52978.0,54248.0,55550.0,56916.0,58245.0,59585.0,60878.0,62265.0,63561.0,64901.0,66148.0,67409.0,68750.0,70076.0,71372.0,72759.0
3499.0,4896.0,6173.0,7486.0,8777.0,10116.0,11450.0,12731.0,14036.0,15279.0,16665.0,17955.0,19278.0,20558.0,21935.0,23313.0,24649.0,26047.0,27420.0,28821.0,30147.0,31494.0,32783.0,34087.0,35410.0,36714.0,37995.0,39289.0,40587.0,41893.0,43154.0,44480.0,45783.0,47068.0,48387.0,49679.0,50928.0,52230.0,53523.0,54816.0,56180.0,57507.0,58845.0,60174.0,61493.0,62807.0,64138.0,65463.0,66762.0,68032.0,69357.0,70663.0,72011.0
3499.0,4896.0,6173.0,7486.0,8777.0,10116.0,11450.0,12731.0,14036.0,15279.0,16665.0,17955.0,19278.0,20558.0,21935.0,23313.0,24649.0,26047.0,27420.0,28821.0,30147.0,31494.0,32783.0,34087.0,35410.0,36714.0,37995.0,39289.0,40587.0,41893.0,43154.0,44480.0,45783.0,47068.0,48387.0,49679.0,50928.0,52230.0,53523.0,54816.0,56180.0,57507.0,58845.0,60174.0,61493.0,62807.0,64138.0,65463.0,66762.0,68032.0,69357.0,70663.0,72011.0

GRT10_vary_01.csv,0.0,0.0,0,0,50.59090909090909,37.29545454545455
3822.0,5119.0,6314.0,7455.0,8529.0,9633.0,10601.0,11621.0,12643.0,13516.0,14408.0,15346.0,16241.0,17170.0,18094.0,19007.0,19935.0,20841.0,21846.0,22931.0,23977.0,25064.0,26134.0,27163.0,28247.0,29323.0,30423.0,31510.0,32674.0,33831.0,35041.0,36267.0,37458.0,38678.0,39905.0,41118.0,42419.0,43626.0,44889.0,46123.0,47343.0,48528.0,49809.0
3822.0,5119.0,6314.0,7455.0,8529.0,9633.0,10601.0,11621.0,12643.0,13516.0,14408.0,15346.0,16241.0,17170.0,18094.0,19007.0,19935.0,20841.0,21846.0,22931.0,23977.0,25064.0,26134.0,27163.0,28247.0,29323.0,30423.0,31510.0,32674.0,33831.0,35041.0,36267.0,37458.0,38678.0,39905.0,41118.0,42419.0,43626.0,44889.0,46123.0,47343.0,48528.0,49809.0
3068.0,4450.0,5711.0,6928.0,7981.0,9008.0,9990.0,11028.0,12056.0,13069.0,13951.0,14867.0,15788.0,16731.0,17628.0,18537.0,19464.0,20410.0,21313.0,22390.0,23420.0,24508.0,25584.0,26639.0,27690.0,28759.0,29865.0,30958.0,32055.0,33241.0,34381.0,35599.0,36820.0,38015.0,39246.0,40442.0,41696.0,42941.0,44196.0,45463.0,46692.0,47956.0,49134.0
3068.0,4450.0,5711.0,6928.0,7981.0,9008.0,9990.0,11028.0,12056.0,13069.0,13951.0,14867.0,15788.0,16731.0,17628.0,18537.0,19464.0,20410.0,21313.0,22390.0,23420.0,24508.0,25584.0,26639.0,27690.0,28759.0,29865.0,30958.0,32055.0,33241.0,34381.0,35599.0,36820.0,38015.0,39246.0,40442.0,41696.0,42941.0,44196.0,45463.0,46692.0,47956.0,49134.0

overallTOslow: ,overallICslow: ,overallTOmed: ,overallICmed: ,overallTOfast: ,overallICfast: ,overallTOvary: ,overallICvary: 
0.0,0.0,0.0,0.0,0.0,0.0,0.0,0.0

Over all TO delay:,Over all IC delay: 
0.0,0.0

